{
  "experiment": "e8-ladder-bed",
  "version": "v1",
  "firewall": "detector validation on published spectra; confirms Zamolodchikov E8, not TFPT axioms; nothing load-bearing",
  "pf_selftest": {
    "pf_ladder": [
      1.0,
      1.6180339887498971,
      1.9890437907365457,
      2.404867172372069,
      2.9562952014676127,
      3.218340458523667,
      3.891156823326855,
      4.783386116752818
    ],
    "max_rel_dev_vs_zamolodchikov": 1.4773014159015882e-15,
    "lowest_cartan_eigenvalue": 0.010956209263452922,
    "target_2_minus_2cos_pi_30": 0.01095620926345342,
    "rel_dev_eigenvalue": 4.544141368913716e-14,
    "m2_over_m1": 1.6180339887498971,
    "golden_ratio_dev": 2.220446049250313e-15,
    "pass": true
  },
  "e8_ladder_exact": [
    1.0,
    1.618033988749895,
    1.9890437907365466,
    2.4048671723720654,
    2.9562952014676114,
    3.2183404585236657,
    3.891156823326854,
    4.783386116752813
  ],
  "baco2v2o8": {
    "data_file": "baco2v2o8_ins_peaks.csv",
    "n_peaks_input": 17,
    "recovery": {
      "ok": true,
      "n_assigned": 8,
      "chi2": 2.431,
      "chi2_dof": 0.3473,
      "scale_m1_hat": 1.21516,
      "missing_rungs": [],
      "assignment": {
        "rung_1": {
          "peak": 1.2,
          "predicted": 1.2152,
          "pull_sigma": -0.15,
          "kind_reporting_only": "single_marker"
        },
        "rung_2": {
          "peak": 2.0051,
          "predicted": 1.9662,
          "pull_sigma": 0.39,
          "kind_reporting_only": "single_marker"
        },
        "rung_3": {
          "peak": 2.5077,
          "predicted": 2.417,
          "pull_sigma": 0.91,
          "kind_reporting_only": "single_marker"
        },
        "rung_4": {
          "peak": 3.0,
          "predicted": 2.9223,
          "pull_sigma": 0.78,
          "kind_reporting_only": "single_marker"
        },
        "rung_5": {
          "peak": 3.6256,
          "predicted": 3.5924,
          "pull_sigma": 0.33,
          "kind_reporting_only": "single_marker"
        },
        "rung_6": {
          "peak": 3.8974,
          "predicted": 3.9108,
          "pull_sigma": -0.13,
          "kind_reporting_only": "single_marker"
        },
        "rung_7": {
          "peak": 4.6538,
          "predicted": 4.7284,
          "pull_sigma": -0.62,
          "kind_reporting_only": "other_peak"
        },
        "rung_8": {
          "peak": 5.7564,
          "predicted": 5.8126,
          "pull_sigma": -0.56,
          "kind_reporting_only": "single_marker"
        }
      },
      "unassigned_peaks": [
        {
          "peak": 2.7821,
          "kind_reporting_only": "other_peak"
        },
        {
          "peak": 3.2846,
          "kind_reporting_only": "other_peak"
        },
        {
          "peak": 4.0897,
          "kind_reporting_only": "other_peak"
        },
        {
          "peak": 4.2846,
          "kind_reporting_only": "other_peak"
        },
        {
          "peak": 4.4974,
          "kind_reporting_only": "single_marker"
        },
        {
          "peak": 4.9564,
          "kind_reporting_only": "other_peak"
        },
        {
          "peak": 5.1154,
          "kind_reporting_only": "other_peak"
        },
        {
          "peak": 5.2692,
          "kind_reporting_only": "other_peak"
        },
        {
          "peak": 5.3872,
          "kind_reporting_only": "other_peak"
        }
      ]
    },
    "mc_null": {
      "p_value": 0.005598880223955209,
      "n_null": 5000,
      "n_as_good": 27
    },
    "sigma_variant_0p05": {
      "recovery": {
        "ok": true,
        "n_assigned": 8,
        "chi2": 9.3364,
        "chi2_dof": 1.3338,
        "scale_m1_hat": 1.21117,
        "missing_rungs": [],
        "assignment": {
          "rung_1": {
            "peak": 1.2,
            "predicted": 1.2112,
            "pull_sigma": -0.22,
            "kind_reporting_only": "single_marker"
          },
          "rung_2": {
            "peak": 2.0051,
            "predicted": 1.9597,
            "pull_sigma": 0.91,
            "kind_reporting_only": "single_marker"
          },
          "rung_3": {
            "peak": 2.5077,
            "predicted": 2.4091,
            "pull_sigma": 1.97,
            "kind_reporting_only": "single_marker"
          },
          "rung_4": {
            "peak": 2.7821,
            "predicted": 2.9127,
            "pull_sigma": -1.63,
            "kind_reporting_only": "other_peak"
          },
          "rung_5": {
            "peak": 3.6256,
            "predicted": 3.5806,
            "pull_sigma": 0.9,
            "kind_reporting_only": "single_marker"
          },
          "rung_6": {
            "peak": 3.8974,
            "predicted": 3.898,
            "pull_sigma": -0.01,
            "kind_reporting_only": "single_marker"
          },
          "rung_7": {
            "peak": 4.6538,
            "predicted": 4.7128,
            "pull_sigma": -0.74,
            "kind_reporting_only": "other_peak"
          },
          "rung_8": {
            "peak": 5.7564,
            "predicted": 5.7935,
            "pull_sigma": -0.74,
            "kind_reporting_only": "single_marker"
          }
        },
        "unassigned_peaks": [
          {
            "peak": 3.0,
            "kind_reporting_only": "single_marker"
          },
          {
            "peak": 3.2846,
            "kind_reporting_only": "other_peak"
          },
          {
            "peak": 4.0897,
            "kind_reporting_only": "other_peak"
          },
          {
            "peak": 4.2846,
            "kind_reporting_only": "other_peak"
          },
          {
            "peak": 4.4974,
            "kind_reporting_only": "single_marker"
          },
          {
            "peak": 4.9564,
            "kind_reporting_only": "other_peak"
          },
          {
            "peak": 5.1154,
            "kind_reporting_only": "other_peak"
          },
          {
            "peak": 5.2692,
            "kind_reporting_only": "other_peak"
          },
          {
            "peak": 5.3872,
            "kind_reporting_only": "other_peak"
          }
        ]
      },
      "mc_null": {
        "p_value": 0.007398520295940812,
        "n_null": 5000,
        "n_as_good": 36
      }
    },
    "singles_only_run_A2": {
      "recovery": {
        "ok": true,
        "n_assigned": 8,
        "chi2": 6.69,
        "chi2_dof": 0.9557,
        "scale_m1_hat": 1.20527,
        "missing_rungs": [],
        "assignment": {
          "rung_1": {
            "peak": 1.2,
            "predicted": 1.2053,
            "pull_sigma": -0.05,
            "kind_reporting_only": "single_marker"
          },
          "rung_2": {
            "peak": 2.0051,
            "predicted": 1.9502,
            "pull_sigma": 0.55,
            "kind_reporting_only": "single_marker"
          },
          "rung_3": {
            "peak": 2.5077,
            "predicted": 2.3973,
            "pull_sigma": 1.1,
            "kind_reporting_only": "single_marker"
          },
          "rung_4": {
            "peak": 3.0,
            "predicted": 2.8985,
            "pull_sigma": 1.01,
            "kind_reporting_only": "single_marker"
          },
          "rung_5": {
            "peak": 3.6256,
            "predicted": 3.5631,
            "pull_sigma": 0.62,
            "kind_reporting_only": "single_marker"
          },
          "rung_6": {
            "peak": 3.8974,
            "predicted": 3.879,
            "pull_sigma": 0.18,
            "kind_reporting_only": "single_marker"
          },
          "rung_7": {
            "peak": 4.4974,
            "predicted": 4.6899,
            "pull_sigma": -1.92,
            "kind_reporting_only": "single_marker"
          },
          "rung_8": {
            "peak": 5.7564,
            "predicted": 5.7653,
            "pull_sigma": -0.09,
            "kind_reporting_only": "single_marker"
          }
        },
        "unassigned_peaks": []
      },