{
  "MAXI_J1820+070/tot/@55.12Hz": {
    "f0_hz": 55.03052375437802,
    "fwhm_hz": 2.2048000000009202,
    "q": 24.959417522838827,
    "norm_leahy": 1.6867386886446492,
    "norm_err": 0.44198636253290147,
    "significance_sigma": 3.816268626430953,
    "rms_frac": 0.009409680970369155,
    "rms_pct": 0.9409680970369155,
    "rms_ul3sig_pct": 1.2716621324874655,
    "chi2": 2867.1576342520834,
    "dof": 85,
    "fit_window_hz": [
      40.0,
      74.0
    ],
    "mean_rate_cps": 19050.13282414307,
    "n_seg": 2013,
    "status": "pass"
  },
  "MAXI_J1820+070/hard/@55.12Hz": {
    "f0_hz": 54.909258515886265,
    "fwhm_hz": 2.204800034080404,
    "q": 24.90441657616731,
    "norm_leahy": 0.11011464550219958,
    "norm_err": 0.07570194457989178,
    "significance_sigma": 1.4545814656846825,
    "rms_frac": 0.008862504910546144,
    "rms_pct": 0.8862504910546144,
    "rms_ul3sig_pct": 2.093884514542223,
    "chi2": 158.14620421973066,
    "dof": 85,
    "fit_window_hz": [
      40.0,
      74.0
    ],
    "mean_rate_cps": 1401.9486518389663,
    "n_seg": 2012,
    "status": "ANCHOR_FAIL"
  },
  "_gate": "PASS"
}