{
  "trials_correction": {
    "n_trials": 8,
    "rule": "2 frequencies x 4 sources, p_final = 1-(1-p_single)^8"
  },
  "GRO_J1655-40": {
    "primary": {
      "band": "hard27",
      "n_seg": 3102,
      "exposure_s": 49632.0,
      "mean_rate_cps": 1048.1969898452612,
      "tooth": {
        "f0_hz": 667.4999999999999,
        "fwhm_hz": 165.37499999977342,
        "q": 4.0362811791438515,
        "norm_leahy": 2.495874159748158e-16,
        "norm_err": 0.4050792105059855,
        "significance_sigma": 6.161447181232913e-16,
        "rms_frac": 4.87966365780553e-10,
        "rms_pct": 4.8796636578055305e-08,
        "rms_ul3sig_pct": 3.0592720721202493,
        "chi2": 209.9016242088573,
        "dof": 140,
        "mean_rate_cps": 1048.1969898452612,
        "n_seg": 3102,
        "p_single": 0.4999999999999998,
        "p_trials_corrected": 0.99609375,
        "significance_after_trials_sigma": -2.6600674686174592,
        "target_hz": 661.5
      },
      "integer": {
        "f0_hz": 582.0000000257961,
        "fwhm_hz": 146.99999996745336,
        "q": 3.9591836745214573,
        "norm_leahy": 2.3965099092461645e-14,
        "norm_err": 0.38174763486400154,
        "significance_sigma": 6.277733482487524e-14,
        "rms_frac": 4.78154404313951e-09,
        "rms_pct": 4.78154404313951e-07,
        "rms_ul3sig_pct": 2.935921370556378,
        "chi2": 200.51133261059798,
        "dof": 140,
        "mean_rate_cps": 1048.1969898452612,
        "n_seg": 3102,
        "p_single": 0.49999999999997496,
        "p_trials_corrected": 0.9960937499999984,
        "significance_after_trials_sigma": -2.660067468617325,
        "target_hz": 588.0
      }
    },
    "secondary": {
      "band": "bt",
      "n_seg": 3086,
      "exposure_s": 49376.0,
      "mean_rate_cps": 25662.436467109528,
      "tooth": {
        "f0_hz": 655.5000000000281,
        "fwhm_hz": 58.004529392468434,
        "q": 11.300841621605176,
        "norm_leahy": 0.10203369396826838,
        "norm_err": 0.22736440528965207,
        "significance_sigma": 0.44876722826636833,
        "rms_frac": 0.0019939894737482553,
        "rms_pct": 0.19939894737482552,
        "rms_ul3sig_pct": 0.5817534539789642,
        "chi2": 142.4415867004191,
        "dof": 140,
        "mean_rate_cps": 25662.436467109528,
        "n_seg": 3086,
        "p_single": 0.3267997909246408,
        "p_trials_corrected": 0.9578153998023958,
        "significance_after_trials_sigma": -1.7258789058453865,
        "target_hz": 661.5
      },
      "integer": {
        "f0_hz": 593.9999999999999,
        "fwhm_hz": 138.89487251069477,
        "q": 4.276615754510754,
        "norm_leahy": 0.11092749721489198,
        "norm_err": 0.6143601042568329,
        "significance_sigma": 0.18055778109009307,
        "rms_frac": 0.0020790774288798326,
        "rms_pct": 0.20790774288798325,
        "rms_ul3sig_pct": 0.5518614441434283,
        "chi2": 134.3395758800613,
        "dof": 140,
        "mean_rate_cps": 25662.436467109528,
        "n_seg": 3086,
        "p_single": 0.42835734846271944,
        "p_trials_corrected": 0.9885975808874967,
        "significance_after_trials_sigma": -2.276688424971658,
        "target_hz": 588.0
      }
    },
    "band": "hard27",
    "n_seg": 3102,
    "exposure_s": 49632.0,
    "mean_rate_cps": 1048.1969898452612,
    "tooth": {
      "f0_hz": 667.4999999999999,
      "fwhm_hz": 165.37499999977342,
      "q": 4.0362811791438515,
      "norm_leahy": 2.495874159748158e-16,
      "norm_err": 0.4050792105059855,
      "significance_sigma": 6.161447181232913e-16,
      "rms_frac": 4.87966365780553e-10,
      "rms_pct": 4.8796636578055305e-08,
      "rms_ul3sig_pct": 3.0592720721202493,
      "chi2": 209.9016242088573,
      "dof": 140,
      "mean_rate_cps": 1048.1969898452612,
      "n_seg": 3102,
      "p_single": 0.4999999999999998,
      "p_trials_corrected": 0.99609375,
      "significance_after_trials_sigma": -2.6600674686174592,
      "target_hz": 661.5
    },
    "integer": {
      "f0_hz": 582.0000000257961,
      "fwhm_hz": 146.99999996745336,
      "q": 3.9591836745214573,
      "norm_leahy": 2.3965099092461645e-14,
      "norm_err": 0.38174763486400154,
      "significance_sigma": 6.277733482487524e-14,
      "rms_frac": 4.78154404313951e-09,
      "rms_pct": 4.78154404313951e-07,
      "rms_ul3sig_pct": 2.935921370556378,
      "chi2": 200.51133261059798,
      "dof": 140,
      "mean_rate_cps": 1048.1969898452612,
      "n_seg": 3102,
      "p_single": 0.49999999999997496,
      "p_trials_corrected": 0.9960937499999984,
      "significance_after_trials_sigma": -2.660067468617325,
      "target_hz": 588.0
    }
  },
  "XTE_J1550-564": {
    "primary": {
      "band": "bh",
      "n_seg": 2596,
      "exposure_s": 41536.0,
      "mean_rate_cps": 4291.152157164869,
      "tooth": {
        "f0_hz": 405.0000122292396,
        "fwhm_hz": 16.560446868371912,
        "q": 24.45586254092767,
        "norm_leahy": 2.0393546641148816e-14,
        "norm_err": 0.123900935285429,
        "significance_sigma": 1.6459558270620366e-13,
        "rms_frac": 2.180014705344178e-09,
        "rms_pct": 2.180014705344178e-07,
        "rms_ul3sig_pct": 1.6087658022048634,
        "chi2": 377.4932980540433,
        "dof": 141,
        "mean_rate_cps": 4291.152157164869,
        "n_seg": 2596,
        "p_single": 0.49999999999993433,
        "p_trials_corrected": 0.9960937499999959,
        "significance_after_trials_sigma": -2.660067468617105,
        "target_hz": 414.0
      },
      "integer": {
        "f0_hz": 376.99999999999994,
        "fwhm_hz": 91.99999999999984,
        "q": 4.097826086956528,
        "norm_leahy": 9.371432857982533e-14,
        "norm_err": 0.4012159822071623,
        "significance_sigma": 2.33575761524468e-13,
        "rms_frac": 4.673218011921348e-09,
        "rms_pct": 4.6732180119213487e-07,
        "rms_ul3sig_pct": 1.506948242600451,
        "chi2": 330.17432153515233,
        "dof": 142,
        "mean_rate_cps": 4291.152157164869,
        "n_seg": 2596,
        "p_single": 0.4999999999999068,
        "p_trials_corrected": 0.9960937499999942,
        "significance_after_trials_sigma": -2.660067468616962,
        "target_hz": 368.0
      }
    },
    "secondary": {
      "band": "bt",
      "n_seg": 2590,
      "exposure_s": 41440.0,
      "mean_rate_cps": 16094.074662162162,
      "tooth": {
        "f0_hz": 422.9999999999764,
        "fwhm_hz": 16.58533101384836,
        "q": 25.504465340292658,
        "norm_leahy": 1.801580544380425e-13,
        "norm_err": 0.08501650942666725,
        "significance_sigma": 2.119094934066207e-12,
        "rms_frac": 3.345752689285715e-09,
        "rms_pct": 3.3457526892857147e-07,
        "rms_ul3sig_pct": 0.6910356877725226,
        "chi2": 196.32852704622735,
        "dof": 141,
        "mean_rate_cps": 16094.074662162162,
        "n_seg": 2590,
        "p_single": 0.4999999999991546,
        "p_trials_corrected": 0.9960937499999472,
        "significance_after_trials_sigma": -2.6600674686129033,
        "target_hz": 414.0
      },
      "integer": {
        "f0_hz": 359.00014066244523,
        "fwhm_hz": 91.9999998350509,
        "q": 3.902175448979408,
        "norm_leahy": 4.776120687244961e-12,
        "norm_err": 0.3264556872461427,
        "significance_sigma": 1.4630226624429542e-11,
        "rms_frac": 1.7226801137009037e-08,
        "rms_pct": 1.7226801137009037e-06,
        "rms_ul3sig_pct": 0.6823745244552187,
        "chi2": 211.9746658411686,
        "dof": 142,
        "mean_rate_cps": 16094.074662162162,
        "n_seg": 2590,
        "p_single": 0.4999999999941634,
        "p_trials_corrected": 0.9960937499996352,
        "significance_after_trials_sigma": -2.6600674685860044,
        "target_hz": 368.0
      }
    },
    "band": "bh",
    "n_seg": 2596,
    "exposure_s": 41536.0,
    "mean_rate_cps": 4291.152157164869,
    "tooth": {
      "f0_hz": 405.0000122292396,
      "fwhm_hz": 16.560446868371912,