{
  "GRO_J1655-40/B2_450Hz/hard27/@449.0Hz": {
    "f0_hz": 450.3045283466741,
    "fwhm_hz": 42.096467621530685,
    "q": 10.696967080353343,
    "norm_leahy": 1.831122160062552,
    "norm_err": 0.4116528117857236,
    "significance_sigma": 4.448219731863998,
    "rms_frac": 0.053695555914905824,
    "rms_pct": 5.369555591490583,
    "rms_ul3sig_pct": 8.253981803794249,
    "chi2": 153.56507884962727,
    "dof": 140,
    "mean_rate_cps": 635.0978351955307,
    "n_seg": 895,
    "gating": true,
    "status": "pass"
  },
  "GRO_J1655-40/B1_triplet/hard27/@441.0Hz": {
    "f0_hz": 441.85676315034607,
    "fwhm_hz": 27.60062592488838,
    "q": 16.008939954941727,
    "norm_leahy": 1.2377289077031421,
    "norm_err": 0.277060740643899,
    "significance_sigma": 4.467355803736813,
    "rms_frac": 0.03852790531505876,
    "rms_pct": 3.852790531505876,
    "rms_ul3sig_pct": 6.78650789326248,
    "chi2": 137.25111850414652,
    "dof": 141,
    "mean_rate_cps": 833.8246662958843,
    "n_seg": 899,
    "gating": false,
    "status": "pass"
  },
  "GRO_J1655-40/T300_epochs/bt/@296.0Hz": {
    "f0_hz": 282.05420362813146,
    "fwhm_hz": 73.99999999999999,
    "q": 3.8115432922720474,
    "norm_leahy": 3.3931198976926362,
    "norm_err": 0.8470644274632967,
    "significance_sigma": 4.005740044891285,
    "rms_frac": 0.01097636980461083,
    "rms_pct": 1.097636980461083,
    "rms_ul3sig_pct": 1.1050782099909358,
    "chi2": 132.45302500824008,
    "dof": 139,
    "mean_rate_cps": 28163.183515745008,
    "n_seg": 1302,
    "gating": false,
    "status": "pass"
  },
  "XTE_J1550-564/hard_280/bh/@280.0Hz": {
    "f0_hz": 280.0576885016469,
    "fwhm_hz": 27.570705727861494,
    "q": 10.157799051862334,
    "norm_leahy": 3.3090283797744338,
    "norm_err": 0.33565536885154584,
    "significance_sigma": 9.858410402003598,
    "rms_frac": 0.0371258509134681,
    "rms_pct": 3.7125850913468104,
    "rms_ul3sig_pct": 5.194972999834484,
    "chi2": 132.57149439178875,
    "dof": 140,
    "mean_rate_cps": 2400.753989361702,
    "n_seg": 799,
    "gating": true,
    "status": "pass"
  },
  "XTE_J1550-564/total_180/bt/@183.0Hz": {
    "f0_hz": 182.16865002717688,
    "fwhm_hz": 45.74999999999999,
    "q": 3.981828415894577,
    "norm_leahy": 3.1308296472145725,
    "norm_err": 0.6415460145855107,
    "significance_sigma": 4.880132642141554,
    "rms_frac": 0.011268526607289995,
    "rms_pct": 1.1268526607289995,
    "rms_ul3sig_pct": 1.1310249887240131,
    "chi2": 132.9154123135643,
    "dof": 137,
    "mean_rate_cps": 24656.144619565217,
    "n_seg": 1150,
    "gating": false,
    "status": "pass"
  },
  "XTE_J1550-564/outburst2000_270/bh/@273.0Hz": {
    "f0_hz": 274.5608480380426,
    "fwhm_hz": 32.94180751138403,
    "q": 8.334723221947062,
    "norm_leahy": 2.4234922543761854,
    "norm_err": 0.48862783084709216,
    "significance_sigma": 4.959791688849947,
    "rms_frac": 0.04758888564645371,
    "rms_pct": 4.758888564645371,
    "rms_ul3sig_pct": 6.706919854924001,
    "chi2": 160.44333916270114,
    "dof": 141,
    "mean_rate_cps": 1070.1152799377917,
    "n_seg": 643,
    "gating": false,
    "status": "pass"
  },
  "GRS_1915+105/gamma_1997_41_69/hard27/@69.2Hz": {
    "f0_hz": 68.93561501367877,
    "fwhm_hz": 2.768000000000029,
    "q": 24.904485192802763,
    "norm_leahy": 0.5842537247287043,
    "norm_err": 0.05637784140236195,
    "significance_sigma": 10.363180111117682,
    "rms_frac": 0.03107647294740016,
    "rms_pct": 3.107647294740016,
    "rms_ul3sig_pct": 5.2409515046796145,
    "chi2": 164.4058561403016,
    "dof": 149,
    "mean_rate_cps": 604.9758594831565,
    "n_seg": 2167,
    "gating": true,
    "status": "pass"
  },
  "GRS_1915+105/gamma_1997_41_69/hard27/@41.5Hz": {
    "f0_hz": 42.1968871960323,
    "fwhm_hz": 3.342000431186178,
    "q": 12.626236311123197,
    "norm_leahy": 0.239662801910768,
    "norm_err": 0.07604677831513655,
    "significance_sigma": 3.1515181473909313,
    "rms_frac": 0.019903584346036247,
    "rms_pct": 1.9903584346036247,
    "rms_ul3sig_pct": 3.4317306542349275,
    "chi2": 197.5520574974949,
    "dof": 157,
    "mean_rate_cps": 604.9758594831565,
    "n_seg": 2167,
    "gating": false,
    "status": "pass"
  },
  "GRS_1915+105/delta_2003_34_68/bt/@68.0Hz": {
    "f0_hz": 68.03615723394877,
    "fwhm_hz": 2.7200000000000006,
    "q": 25.013293100716453,
    "norm_leahy": 3.696798919272045,
    "norm_err": 0.187731480996834,
    "significance_sigma": 19.691949904419012,
    "rms_frac": 0.020003106267606235,
    "rms_pct": 2.0003106267606237,
    "rms_ul3sig_pct": 3.104330525031247,
    "chi2": 217.59648318242458,
    "dof": 146,
    "mean_rate_cps": 9239.127155172413,
    "n_seg": 290,
    "gating": false,
    "status": "pass"
  },
  "GRS_1915+105/delta_2003_34_68/bt/@34.0Hz": {
    "f0_hz": 34.99116037478967,
    "fwhm_hz": 2.862290903914301,
    "q": 12.224879143813725,
    "norm_leahy": 0.5902895531719855,
    "norm_err": 0.16396956336131646,
    "significance_sigma": 3.599994664078285,
    "rms_frac": 0.007993133683432078,
    "rms_pct": 0.7993133683432078,
    "rms_ul3sig_pct": 1.321061472342396,
    "chi2": 121.94637759073869,
    "dof": 127,
    "mean_rate_cps": 9239.127155172413,
    "n_seg": 290,
    "gating": false,
    "status": "pass"
  },
  "H1743-322/q_low_242/bh/@242.0Hz": {
    "f0_hz": 244.3446577423025,
    "fwhm_hz": 21.966458854548836,
    "q": 11.123534264682055,
    "norm_leahy": 0.39742034908967055,
    "norm_err": 0.07510752800513937,
    "significance_sigma": 5.291351741232601,
    "rms_frac": 0.014888541723512297,
    "rms_pct": 1.4888541723512296,
    "rms_ul3sig_pct": 2.287056205818829,
    "chi2": 102.26327229195734,
    "dof": 140,
    "mean_rate_cps": 1792.8575145415145,
    "n_seg": 8768,
    "gating": true,
    "status": "pass"
  },
  "H1743-322/q_high_166/bt/@166.0Hz": {
    "f0_hz": 163.9206034453827,
    "fwhm_hz": 22.656623291467028,
    "q": 7.234997083926391,
    "norm_leahy": 0.253052664075381,
    "norm_err": 0.15074365439364404,
    "significance_sigma": 1.6786952996016178,
    "rms_frac": 0.006180226461175514,
    "rms_pct": 0.6180226461175514,
    "rms_ul3sig_pct": 1.0131610787916225,
    "chi2": 141.80586506328325,
    "dof": 138,
    "mean_rate_cps": 6625.247935931307,
    "n_seg": 4542,
    "gating": false,
    "status": "secondary_miss"
  },
  "_gate": "PASS",
  "_n_pass": 11,
  "_n_total": 12
}